email,name,domain,active,count_used,last_used
tammy.lewis@fitzgerald.com,Don Rivera,fitzgerald.com,true,0,
anthony.smith@harris-smith.com,Karen Lee,harris-smith.com,true,0,
christopher.wolfe@kramer.com,Clayton Hunter,kramer.com,true,0,
charles.stephens@turner-griffin.com,Kelly Howard,turner-griffin.com,true,0,
bryan.lee@hughes-conway.net,Calvin Daniel,hughes-conway.net,true,0,
gary.watkins@smith.biz,Jeffrey Blair,smith.biz,true,0,
tammy.travis@henry.com,Nathaniel Wagner,henry.com,true,0,
cheryl.harris@ward-allen.com,Mark Barnett,ward-allen.com,true,0,
michelle.price@swanson-tanner.com,Amanda Griffin,swanson-tanner.com,true,0,
frances.richardson@winters-smith.com,Stephen Wheeler,winters-smith.com,true,0,
jonathan.kelly@krause-anderson.org,Brandon Flores,krause-anderson.org,true,0,
samantha.edwards@gomez.com,Michael Rhodes,gomez.com,true,0,
amanda.barker@orozco-olsen.com,Amanda Wilson,orozco-olsen.com,true,0,
lisa.morrison@cook.com,Nicole Hayes,cook.com,true,0,
bobby.smith@walls.com,Joseph Mora,walls.com,true,0,
elizabeth.campbell@benjamin.info,Jennifer Hayes,benjamin.info,true,0,
michael.cooke@carpenter-williams.com,Katherine White,carpenter-williams.com,true,0,
anthony.fernandez@kelly-green.org,Kenneth Johnson,kelly-green.org,true,0,
melissa.lucas@stone-mckee.biz,Lori Wood,stone-mckee.biz,true,0,
michael.dorsey@lopez.com,Jennifer Rodriguez,lopez.com,true,0,
steven.payne@rivera-potter.com,Michael Flores,rivera-potter.com,true,0,
paul.garcia@campos-rodriguez.org,David Lloyd,campos-rodriguez.org,true,0,
heather.logan@ross-martin.com,Elizabeth Pratt,ross-martin.com,true,0,
david.miller@weeks.com,Stephen Wolf,weeks.com,true,0,
michael.tran@white-yoder.org,Mark Richards,white-yoder.org,true,0,
richard.brown@torres.com,Edward Robinson,torres.com,true,0,
steven.haley@walker.com,Leon Hill,walker.com,true,0,
carlos.cobb@torres.com,Laura Townsend,torres.com,true,0,
tanya.grimes@smith.biz,Ashley Martin,smith.biz,true,0,
lynn.knight@guzman.com,Jennifer Gonzalez,guzman.com,true,0,
laurie.green@adams.com,Brian Murphy,adams.com,true,0,
adam.carr@yang.biz,Kristen Cruz,yang.biz,true,0,
amy.richmond@solis-wilson.com,Ronald Rice,solis-wilson.com,true,0,
margaret.hill@hill-moreno.com,Peter Roberts,hill-moreno.com,true,0,
brett.walker@jenkins.com,Ruth Gonzales,jenkins.com,true,0,
cynthia.reid@moses.net,Susan Santana,moses.net,true,0,
john.fisher@sanchez-aguilar.com,Albert Daniels,sanchez-aguilar.com,true,0,
brandi.jones@davis.com,Robert Nichols,davis.com,true,0,
amanda.beasley@allen-owens.com,Kelly Sparks,allen-owens.com,true,0,
amy.chan@glass.info,Ryan Johnson,glass.info,true,0,
edward.jensen@martin.org,Matthew Smith,martin.org,true,0,
tonya.webb@lane-lozano.com,James Hall,lane-lozano.com,true,0,
ryan.peterson@woodward.com,Crystal Clark,woodward.com,true,0,
daniel.rivera@malone.net,Julie Parks,malone.net,true,0,
regina.stewart@wright.com,Felicia Burnett,wright.com,true,0,
jason.clayton@ramsey.com,Anne Guerra,ramsey.com,true,0,
leslie.fry@franklin.com,Stephanie Smith,franklin.com,true,0,
stacy.rivera@parker-mcguire.org,Melissa Martin,parker-mcguire.org,true,0,
lisa.livingston@garcia.com,Gregory Gill,garcia.com,true,0,
diana.mendoza@tucker.com,Sarah Rodriguez,tucker.com,true,0,
chad.morgan@anderson.com,Gloria Patton,anderson.com,true,0,
william.garcia@walters.com,Nicole Smith,walters.com,true,0,
alexandra.harrison@williams-contreras.com,Sandra Blackwell,williams-contreras.com,true,0,
nicole.pham@clark.com,Shane Perry,clark.com,true,0,
brian.herman@newman.info,Ashley Cole,newman.info,true,0,
crystal.johnson@hoffman.com,Daniel Pennington,hoffman.com,true,0,
danielle.hunt@perry.net,Jeffrey Campos,perry.net,true,0,
james.lewis@brown-lee.com,Robert Campbell,brown-lee.com,true,0,
zachary.gutierrez@beasley-valdez.com,Arthur Blackwell,beasley-valdez.com,true,0,
kristina.bell@sandoval-silva.info,Renee Walton,sandoval-silva.info,true,0,
charles.martinez@shelton-gill.com,Doris Smith,shelton-gill.com,true,0,
jason.davis@davis.com,Deborah Curtis,davis.com,true,0,
victoria.clark@marks.com,Kristen Brown,marks.com,true,0,
stefanie.novak@boyer-peterson.com,Emily Miller,boyer-peterson.com,true,0,
christopher.moran@brown-cantu.org,Tracey Thomas,brown-cantu.org,true,0,
katrina.ferguson@smith-sampson.com,Joseph Nelson,smith-sampson.com,true,0,
tammy.nelson@hamilton.com,Shelley Daniels,hamilton.com,true,0,
benjamin.buckley@barron.biz,Erin Hayes,barron.biz,true,0,
sheila.tucker@lynch.com,Amanda Bridges,lynch.com,true,0,
ashley.kaufman@ballard-salas.info,Tina Fuller,ballard-salas.info,true,0,
breanna.clark@yang.com,Brittany Duncan,yang.com,true,0,
marcus.browning@reynolds.biz,Joshua Dean,reynolds.biz,true,0,
daniel.ward@wong.com,Zachary Moss,wong.com,true,0,
jaclyn.bass@tate-jones.biz,William Stone,tate-jones.biz,true,0,
rebecca.hill@wilson.net,John Rios,wilson.net,true,0,
stephanie.hart@clark.info,Brenda Rios,clark.info,true,0,
april.collins@morris.com,Allen Johnson,morris.com,true,0,
joshua.pruitt@stephens-estrada.info,James Green,stephens-estrada.info,true,0,
russell.roberts@huffman-andrews.net,Hannah Brooks,huffman-andrews.net,true,0,
jodi.watson@dean.info,John Horn,dean.info,true,0,
kimberly.keller@martin-perez.com,Patricia Jones,martin-perez.com,true,0,
lucas.anderson@yang.net,Joseph Clark,yang.net,true,0,
randall.nelson@bailey.info,Sierra Riggs,bailey.info,true,0,
terri.campbell@price-decker.net,Carrie Lowe,price-decker.net,true,0,
tracy.dunlap@brown.com,Sandra Jordan,brown.com,true,0,
james.wilkins@carrillo.com,Crystal West,carrillo.com,true,0,
jamie.smith@snyder.com,Andrea Anthony,snyder.com,true,0,
anthony.marquez@martin.net,Deborah Eaton,martin.net,true,0,
becky.ruiz@lynch.info,Richard Garcia,lynch.info,true,0,
christina.rogers@monroe-frederick.net,Jennifer Sims,monroe-frederick.net,true,0,
michael.herrera@campbell-taylor.com,Barbara Jensen,campbell-taylor.com,true,0,
monica.wilkinson@rivas.com,James Wood,rivas.com,true,0,
david.allen@gilbert-dillon.com,Brittany Summers,gilbert-dillon.com,true,0,
megan.richard@campbell.net,Tiffany Jones,campbell.net,true,0,
jason.schmidt@avila-fletcher.com,Heather Williams,avila-fletcher.com,true,0,
chad.butler@brown.net,Michael Jackson,brown.net,true,0,
dean.garrett@klein.com,Crystal Cook,klein.com,true,0,
tom.walker@hall.biz,Courtney Mcguire,hall.biz,true,0,
jonathan.davis@tyler.org,Wendy Blevins,tyler.org,true,0,
william.rios@fleming-howard.com,Benjamin Garcia,fleming-howard.com,true,0,
kenneth.king@watts-smith.biz,Julia Becker,watts-smith.biz,true,0,
thomas.marsh@cummings.net,Whitney Davis,cummings.net,true,0,
monica.davis@curry.org,Matthew Vasquez,curry.org,true,0,
teresa.thompson@kent.com,Robert Krueger,kent.com,true,0,
kevin.evans@mason.org,Christopher Green,mason.org,true,0,
michael.pham@gonzales.com,Paul Medina,gonzales.com,true,0,
kathleen.stewart@lowe.com,Melanie Munoz,lowe.com,true,0,
jessica.king@cannon.com,Edward Tyler,cannon.com,true,0,
ashley.skinner@collins.com,Kelsey Turner,collins.com,true,0,
omar.moore@shah-keller.org,Dawn George,shah-keller.org,true,0,
craig.burton@grant.com,Mike Sandoval,grant.com,true,0,
michele.murray@mata.com,Richard Allen,mata.com,true,0,
krista.flores@mcintyre.com,Steven Maldonado,mcintyre.com,true,0,
shannon.bell@davis-williams.com,Cathy Sanchez,davis-williams.com,true,0,
abigail.jenkins@burton.com,Corey Diaz,burton.com,true,0,
brett.prince@morton.com,Lauren Morris,morton.com,true,0,
kenneth.fields@weber-fisher.com,Amy Jackson,weber-fisher.com,true,0,
erica.young@pearson-dawson.biz,Elizabeth Torres,pearson-dawson.biz,true,0,
leslie.smith@webb.org,Sandra Wallace,webb.org,true,0,
samantha.willis@nichols-stevenson.com,Danielle Lynch,nichols-stevenson.com,true,0,
bruce.king@lozano.com,John Fletcher,lozano.com,true,0,
justin.ramirez@wells.info,Cesar Young,wells.info,true,0,
nathan.leach@simpson.com,Christina Mcdowell,simpson.com,true,0,
ralph.stout@fox-garcia.com,Kimberly Williams,fox-garcia.com,true,0,
jennifer.gray@mendoza.biz,Jeremiah Mullins,mendoza.biz,true,0,
larry.taylor@rivas-guerra.info,Lori Cobb,rivas-guerra.info,true,0,
janice.barnes@fuentes.com,Michelle Conner,fuentes.com,true,0,
monica.hansen@shaw.com,Ann Schwartz,shaw.com,true,0,
kevin.thompson@hunter-watts.com,Lisa Ho,hunter-watts.com,true,0,
regina.williams@keller-johnson.com,Stanley Morales,keller-johnson.com,true,0,
willie.white@peters-wilkinson.info,William Rodriguez,peters-wilkinson.info,true,0,
paul.stewart@richards.com,Patricia Santiago,richards.com,true,0,
daniel.price@bradley.com,Jason Hill,bradley.com,true,0,
christina.lopez@bentley-silva.com,Patrick Brown,bentley-silva.com,true,0,
joshua.gutierrez@saunders.info,Dalton Flores,saunders.info,true,0,
robert.turner@gonzales-adams.com,William Marshall,gonzales-adams.com,true,0,
michael.washington@washington.com,Brandon Cuevas,washington.com,true,0,
summer.martin@miller.com,Chase Adams,miller.com,true,0,
jill.russo@fletcher.com,Melissa Butler,fletcher.com,true,0,
david.campbell@lee-duran.com,Debbie Mendez,lee-duran.com,true,0,
lisa.santiago@thompson-summers.com,Kathleen Burns,thompson-summers.com,true,0,
adam.long@wright-collins.com,Michael Harris,wright-collins.com,true,0,
laura.may@hernandez-campbell.com,William Brown,hernandez-campbell.com,true,0,
paul.beck@clark.net,Rachel Thomas,clark.net,true,0,
jasmine.smith@moore-huang.com,Brandon Cox,moore-huang.com,true,0,
michael.house@davis.com,Natalie Patton,davis.com,true,0,
samantha.cunningham@gill-adams.com,Michele Ware,gill-adams.com,true,0,
ricky.boyd@dean.info,Ashley Ingram,dean.info,true,0,
ruben.garcia@stevens.com,Tiffany Mitchell,stevens.com,true,0,
stacy.gutierrez@meyers.com,Randy Collins,meyers.com,true,0,
